{
    "predict_bleu-4": 34.85403456666667,
    "predict_model_preparation_time": 0.0071,
    "predict_rouge-1": 63.34559031666666,
    "predict_rouge-2": 31.37197505,
    "predict_rouge-l": 31.064590466666665,
    "predict_runtime": 11083.3228,
    "predict_samples_per_second": 0.541,
    "predict_steps_per_second": 0.017
}