{
    "predict_bleu-4": 0.5104823,
    "predict_model_preparation_time": 0.0069,
    "predict_rouge-1": 3.59643935,
    "predict_rouge-2": 0.3060726666666667,
    "predict_rouge-l": 3.0437324500000003,
    "predict_runtime": 7985.896,
    "predict_samples_per_second": 0.751,
    "predict_steps_per_second": 0.024
}